INSERT INTO Province(province) VALUES
("Quebec"),
("Ontario");

INSERT INTO City(city,province) VALUES
("Montreal","Quebec"),
("Laval","Quebec"),
("Toronto","Ontario"),
("Longueuil","Quebec");

INSERT INTO Address(civicNumber,street,postalCode,city) VALUES
(1234,"jeanne-mance","j4m2f5","Laval"),
(5432,"saint-catherine","j5u1i8","Montreal"),
(7361,"du parc","j4g7f8","Montreal"),
(8765,"amherst","k9h3j1","Toronto"),
(4444,"rue de tom","g8d8j2","Longueuil"),
(3333,"saint-catherine","g4g6h6","Montreal"),
(5555,"saint-catherine","9j98j7","Montreal"),
(8888,"rue sherbrooke", "3h38j8","Montreal"),
(9999,"watson street", "9k7h1w","Toronto"),
(1266,"rue peel", "9h7k9j","Montreal"),
(8765,"rue rachel","9h5f7j","Montreal"),
(4545,"mont-royal","j8j9k9","Montreal"),
(7123,"rue saint-denis","g4h7f8","Montreal"),
(7865,"rue bernard","f4h8f9","Montreal"),
(3451,"rue vanhorn","y7y8u8","Montreal");

INSERT INTO MembershipPlan(name,visibleDuration,monthlyPrice) VALUES
("normal",7,0.0),
("silver",14,15.99),
("premium",25,20.99);


INSERT INTO Users(firstName,lastName,phoneNumber,email,password,addressId) VALUES
("john","beck","7362512121","john@hotmail.com","$2y$10$8yIi52XZMwCSu1XTG14ZeuEH54bsUEh5ysCtGxNx8DmpjBVVO3qCa",3), -- Password: 123567
("justin","baron","5147264522","a@a.a","$2y$10$oDrD5dTS6nwkS76wnj5NmOZPwepF2LgiNd9Rcu61Qn8biTH/Kk2fq",1), -- Password: 123456
("mikael","moscato","7265357777","mikmoscato@hotmail.com","$2y$10$EECiyX.ONJaPUw4ZYS4XjOCq/45/xKj/27EbIEWSkCWKqiK8KGcAG",2), -- Password: 654263
("luke","brown","8171234355","luke@hotmail.com","$2y$10$WbX1c8OiOrApeAkXm/HEw.CW3vxj5gbdMXmwWVbJcFb73ah.u1Jhi",4), -- Password: 777777
("tom","lebreux","9991321888","tom@hotmail.com","$2y$10$/3x8upST6XCI.wruhDAuWOd93vXw.9JbdPcfAWwGmyGwmtz4NLMey",5), -- Password: 987678
("george", "bordean","9815674444", "george@hotmail.com","$2y$10$ayPKFz.DoVCj57aPhk6Z3.zYtdnSzxQOmpVxkYPcMYxyMVOPjNwFS",8), -- Password: 999999
("bob","brook","7776786788", "bob@hotmail.com","$2y$10$EdRBI2WOeBfPY.GYvzxl0uLL63jjg8oM.x34lMh9DohmrehFedrR6",9), -- Password: 000000
("simon","dube", "8761234444","simon@hotmail.com","$2y$10$wzS3YqVnjZH5/pSQYojRvOksjsNDaGU.ImZJbAnNdW1H7iLpec2P6",10), -- Password: 767767
("jake","dubuk", "6123215656","jake@hotmail.com","$2y$10$Mb9grLJv.8AaFM54ZVmJF.TSuxBHXVkllaM6p.Yp2Zx/HbOYAxXFq",11), -- Password: 987789
("albert","gracie","7126562379","albert@hotmail.com","$2y$10$UJrzezKi7cseHpgKiHU.PuJHuQM.iCv7eCndpuujDCD2Vybo0YrBS",12), -- Password: 456789
("zac","lebovitz","9182742222","zac@hotmail.com","$2y$10$dV2R5RgeecrJiT5ojmXLuudSsIqwf6OBdj07nUdo6NRUm1Foe4gya",15); -- Password: 555555



INSERT INTO BuyerSeller(userId,MembershipPlanName,contactEmail,contactPhone) VALUES
(2,"premium","justin@hotmail.com","6662538787"),
(3,"silver","mik@hotmail.com","8787266666"),
(5,"normal","tomleb@hotmail.com","8766789090"),
(6,"silver","bordean@hotmail.com","1234321232"),
(7,"premium","brook@hotmail.com","8786788766"),
(8,"premium","dube@hotmail.com","9875628989"),
(9,"normal","dubuk@hotmail.com","6753428789"),
(10,"silver","gracie@hotmail.com","6354638778");

INSERT INTO PaymentMethod(expiryMonth,expiryYear,userId) VALUES
(11,2019,2),
(06,2020,3),
(03,2021,5),
(10,2023,6),
(12,2018,7),
(02,2019,8),
(01,2021,9),
(07,2020,10),
(04,2020,NULL),
(03,2019,NULL),
(06,2021,NULL);

INSERT INTO CreditCard(paymentMethodId,cardNumber,securityCode) VALUES
(2,222333444,123),
(4,888444666,987),
(5,451355111,434),
(6,982578126,666),
(9,736193728,456),
(10,38719582,767);

INSERT INTO DebitCard(paymentMethodId,cardNumber) VALUES
(1,777222444),
(3,888123123),
(7,564728878),
(8,987678987),
(11,219843127);

INSERT INTO Category(category) VALUES
("buy and sell"),
("services"),
("rent"),
("used");

INSERT INTO SubCategory(category,subCategory) VALUES
("buy and sell","clothing"),
("buy and sell","books"),
("buy and sell","electronics"),
("buy and sell","musical instruments"),
("services","tutors"),
("services","event planners"),
("services","photographers"),
("services","personal trainers"),
("rent","electronics"),
("rent","car"),
("rent","apartments"),
("rent","wedding - dresses"),
("used","electronics"),
("used","sport equipment"),
("used","clothing"),
("used","jewelry");

INSERT INTO Ad(sellerId,title,price,description,type,category,subCategory) VALUES
(2,"selling ps3",150.00,"ps3 good condition with 3 games","sell","buy and sell","electronics"),
(3,"selling audi a4",7999.99,"5 year old","sell","rent","car"),
(5,"photo shoot",99.99,"family photo shoot","sell","services","photographers"),
(2,"c++ book",49.99,"programming book in c++. good condition","buy","buy and sell","books"),
(6,"rolex 2 years old", 899.99, "I bought this watch 2 years ago and it was kept in good condition","sell","used","jewelry"),
(7,"SUPERBE Condo 6 1/2 - 3 Chambres - ELECTROS - À VOIR!!", 2500.00, "Spacieux condo haut de gamme dans une nouvelle construction disponible à partir du 1er Janvier 2018. Le triplex est situé au pied du Mont-Royal près de la rue Des Pins, à proximité de l’Université McGill.","sell","rent","apartments"),
(8,"I need help for mathematics", 20.00, "I would like to have tutoring for math twice a week 20$/hour","buy","services","tutors"),
(9,"canada goose medium for men",600.00,"1 year old plz buy it","sell","used","clothing"),
(10,"acoustic guitare",120.00,"brand new acoustic guitare","sell","buy and sell","musical instruments"),
(10,"wireless Controller for PS4",89.99,"Precision controller enhanced to offer players absolute control for all games on PlayStation 4. ","sell","buy and sell","electronics");


INSERT INTO StrategicLocation(name,clientsPerHour,costPercent) VALUES
("sl1",400,20),
("sl2",300,15),
("sl3",200,10),
("sl4",100,5);

INSERT INTO StoreManager(userId) VALUES
(1),
(11);

INSERT INTO Admin(userId) VALUES
(4);

INSERT INTO Store(addressId,locationName,userId) VALUES
(6,"sl2",1),
(7,"sl1",1),
(13,"sl3",11),
(14,"sl4",11);

INSERT INTO PaymentExtra(cardType,extraPercent) VALUES
("debit",1),
("credit",3);

INSERT INTO StorePrices(momentOfWeek,hourlyPrice,deliveryHourlyPrice) VALUES
("week",10.00,5.00),
("weekend",15.00,10.00);


INSERT INTO Ad_Store(adId,storeId,dateOfRent,timeStart,timeEnd,includesDeliveryServices) VALUES
(1,1,'2017-12-17','09:00:00','20:00:00',0),
(4,2,'2017-12-22','10:00:00','19:00:00',1),
(9,3,'2018-01-02','09:00:00','19:00:00',0),
(10,4,'2017-12-29','08:00:00','19:00:00',1);

INSERT INTO Promotion(duration,price) VALUES
(7,12.99),
(14,50.00),
(30,90.00);

INSERT INTO AdPromotion(adId,duration,startDate) VALUES
(1,7,CURRENT_TIMESTAMP);

CALL createTransaction(1,1);
CALL createTransaction(4,1);
CALL createTransaction(9,9);
CALL createTransaction(10,10);

INSERT INTO AdImage(url) VALUES
("https://upload.wikimedia.org/wikipedia/commons/thumb/1/13/Sony-PlayStation-PS3-Slim-Console-FL.jpg/220px-Sony-PlayStation-PS3-Slim-Console-FL.jpg"),
("https://i.ebayimg.com/00/s/MzI4WDQ5Mg==/z/gzgAAOSw8vdZbzXe/$_86.JPG"),
("data:image/jpeg;base64,/9j/4AAQSkZJRgABAQAAAQABAAD/2wCEAAkGBxISEhUSEhIWFhUVFxoaFxYYFhoaGRYYHRcXGBoYGBcYHSggGBolHhgYITEhJSkrLi4uFyAzODMsNygtLisBCgoKDg0OGhAQGy0mICYtLS0wLy0rLS0vLSstLS0tLS0rLSstLS0tLS0tLS0tLS0tLS0tKy0tLS0tLS0tLS0tLf/AABEIALcBEwMBIgACEQEDEQH/xAAcAAABBQEBAQAAAAAAAAAAAAAAAgQFBgcBAwj/xAA8EAABAwIEBAQDBgYBBAMAAAABAAIRAyEEBRIxBkFRYRMicYFCkaEHMrHB0fAUI1Ji4fFyFTOCkpOi0v/EABoBAAIDAQEAAAAAAAAAAAAAAAACAQMEBQb/xAAsEQACAgEEAQMCBgMBAAAAAAAAAQIRAwQSITFREyJBMnEFFGGRobEjgcEV/9oADAMBAAIRAxEAPwDQkJUIhdY54lC7CIQBxC7C7CAEoSoRCCBKEqEQgKEoSoRCAEoSoRCLChKEqFyEBQmEQlQuKQOQiF1dQAmEQlQiEBQmFyEuElzgBJ2QByFyF1rgbjZKhACIXIS0QpsDzhEJcLkIsBEIhLhchTYCYRCVCIRYCYQlQhFgOYXIS4RCqskRCIS4RCLARCIS4RCLATCISoRCLATCISoRCLATCISoRCLATC5CXC5CLATC4k16rWNLnGANz/jmeyo3Ev2iMoOdTYwFwgFxePKTeIAImL8x67KJTUVbGjBydItOb55h8NHjVQ0nZu7j6NF1WsT9oVMToo1ImAagNPV1gOE8iYE7KoYnimlU8znFpdJc4Xc6BcHzS2BztsOyYjPsOyXsYQ53IPJ1ncarAwPVYpaqbfCo3R00EuXZqWU8X4WuB59Dujv/ANDl6wrA0zsvnermxqOJ2kyTIAnkTO3oL91aeC+M/wCGcWVXmpRcbOhxLDYSN7dldj1F8SKMmnS5ibDCHEASdgmuXZjSrjVSeHDtP5hKxuKYwEOPtBPzhPnzLFHcxMOF5JbSPxOKrVGzSAYw7OcYLhEz252/0qLmuaVqdVrf4p8gmRLXCfQumBurBxHxth6MMY173uEAhrmk+hImPSyqLMlx2NPieDop85JJjnp1e/JctarK3ubpHT/LQSpImcuzPGv01m1g5gM6IgkHkQIPf35q8ZVmDa9MPFjsQfhPRVCphaOFpeHu92949pIgD93THLcyfReHSwUyfO3VJPuDv6fJaMGrd+58FGfSqvauTSkQvHAYplWm2ox2prhII5pwukmc5qhEIhLhEKbIEQuQlwiEAIhEJcIhACIQlwhSB7wuQlwiFUMIRCXCIQFCIRCXCIQFCYRCVCIQFCYRCXCIQFCIRCWvHE12saXu2aJKhulYJW6FwuKOr53QaGnUIO5keUxIBEyl4LOaFUw2oPQ2n5pIZoS6ZZLDOPaIX7Raz6eDc9m7Hsd8jIPsYPqAsXoZcKs63XMEEnfygR6fqvovFYZlVpY9oc11iDcELOuAcgw9cVKrmi7vK2fugyYgbKrVOkmXaVbm0ZvhuHKtR5aGwZ+cxP4K25V9mlV5BcC1scx+S2PCZZh6QGljRHZOjX5NCwuZ0FBL4Mux32Z0fDOiQ8XHc9FlubUatGq5jnHynZ0fjz9V9NYprg3ZYl9ouX1G1fEe2Gk2dy+iIS5pkZYWrRZ+CeKKbcCHPedbJZpmYDYggHaxH68k5xmcuczW8+GyJJ+KNwI3Ji/vFrxmGGyypToMrX8Nx/mHkAHwPnAHq5OaubPrvNz4dMFxaL3gxqPWb+yXUOWSS8IMMVjX6svHBOXMxGIfi6rbTFNpuQB1PMrSH1NLYaFnnCec4fDUGh9S5GwBP1AgKYzbi4Mph9JocHWBMxPePwWW2bElQ34qw4qMdqbfkVmVfMxQOkybwQ7Y9iLyPVXrLsyxuLqAOovDTzIYxkf8ZLo7qC+0LhkGoxzB5i7Sehnb02IVuL2vbIpze5bok3wVxO1gcxzg4Pu0B19e0S46WtIAtaI2utBwD3uZNQNBPJpkAcpPVfN9XVSeA11iAb3gnf1Hotw4MzKi6izTU1HT55dcHoQdo2sOa62lk2qZydVBJ2i0QiEU3g7GUqFqsyCYRCVCIRYCIRCXCIRZIiEJcIRZB7ISoRCrscShKhEIsgShKhcIU2ScXhXxTGkAm52H+l4ZrmTaIvdxnS3rH4BUfMxVqVBUJIOo3B+7YkfhCozZtnC7L8OBz5fRojHAiQZCUqRltbECNDzJ5TN+e+4O/XnfYWXC49w8tURtDv1/UWUQ1MZcPgmemlHlcnc+zVuFourOE6RZu2pxsBPJU/DZ1VxFKo6uRoc37gBgTaPRPONMQKrhQne49Rz+U/NN+HsjfUaKWt7mg7loAidp3IWbUah3tiadPp1W6Q1r5IPBApadRJ1TBIG0bTFgqkQ/DPsS2Odh3tq3/wBLYsRwnF6T9Py/EqqZ5wFVqyTVAttG57n/AAs2+S7NOxP6T34M4nFUGnUc212kkemn9PVQXCFT+BxtbAnaR4fdp8zHdyWmD3lUHP8AJ62EqQ8EQZa5pMWjqd/RX+o0VMNgMyI/mUXNpvI+Km/yeb0JBHqVrv1MNeDKl6Wa/Jp1IADU5cr5nSpNL9Qgc+izzOM8x1VzqdM+GG2L9mjtMEvd2EeqneDMtqOoVW4k6y8WcQRyPIkrEn4N9eRnmX2jU5LKTZ7uDiT6MY0uj1C8y8ZjQdTqNEOmHBrgAeU6gLg8lK5bwrh6BjxQ0G8SA4++5UljGUmt0scA0e6G2Ciij8LZb4mFr4VztXhipScxwENO4c08/vz6hZTUzsmmyk2m2mzUC/SCNVx1Jt35wtCzHiB+BdiXUmaxVIk6j5JMah1iRb0We4zL9MvaNVJtt5jr8jP7uroxvsz5Z8JI0/LeBqVem2pq19A4u0tHZoICtmU5NTbhjTIB0PJECN7W6KicMZ9WNBtKncxAI/e8XUhSxBrVHMa6qCBDm1DoAAGw1m432BWZxk3TNilCriXXD4jDYbyhoBNp3v01dVX+IKTsQHeDT8R9tLAY1GRz5c78kqhgKzy2iGU2UKd4bLnvdyDTaB3i/JXrJMupYZheY1neLkf2CNz6blWY8bcirPlUYmLcYcHYinpr1abWssNLXBwB5SRH+eXQzfA2HY4eHNPYHynzRMHkI/2tWxXi1WxppsYbEVfMSOhYLCe59k3w+Ew1DzxRa6IJZTY0x0kCYWyGJJp9/oc6WdtNfyeFCi1oAaIH75r0hFF4c0OGxEj0KWuhZhoRCIS0QgBEIhKhEIATCEqEICj2hEJUIhV2SIhdhKhEKbATC83OvC9oTDMKha1xG8GPcJZSpWNCO50UzOsa2pXdJjk30FjHvK5Uw1dw/li3X9QvGgWzcD7xMjl2PdXDJ2kMBdzXGnPdKztwhtjRSH1qlIwZaZmR13t05J/RzWpX0ENuLOEEX6t7G9vRXKpgqLjMCVG4mn4V6ZAH1SuTSHUFJlE4ge6njabHOMOcDJsRI2HyWoZaWsY0NEWWNcT1X/xtB2suBfcfvfdalUzenRZL42klzg1oG13FG7pkqFWiw1MUQEwxdYkbqm0eOW1n6WaTexa4u/IWTXiDO8Wx5pU6Z1AA6oEAEEiC7yjbcpnJt0RGKSs8vtAwGvDk7kSR7J39nOHGIy99IzocCz08rdu4N1C0HYut/wB5pFNo801dYdboAAD6KyfZVLaWIpRanWIb8o/L6rXpGlcTJrk2lND7JsU1jSa0F7PK60XFjbl1jul5TxUx2upUc1jNemm02loH3ie5myj/ALQcuq0wcXSBLC3TWA3A2FSPSx9AqjhsNWfSY2k+k+mI1Nc3zFvPS6YDt9xHdZ54/TlRfiyrLG6LFnvFeHr1P4VlNrw4hz3kfcaNg3ufwJVfZjj47qVGqX0wQHjdrdRsNXXspKllFGkP+3Tpzu5zw697hjQA4wRE9E5qYSnSw9R9Nti7VqIHnMgk9IgACLABLIt2uuSoHDeNVdhz8Ye2f/FxB9oCRwtwnUbRxAxEtc7yMEyIF9XcEkCOx6pXC+JH8a6odmBx9SbD6Srxi2E07bugekm5+U/JbdPBtu+v+nK1mRRiq7v+DJMrxdXD13loLYkFk2aKYu4nsAL85C07hnOaGLY2o4mk7uC2fQ/F7FOGZBh6+px0yfK4RIOnyw8AiRI25p/luX6GGjiQK+pw0uYxrSDAGkUgY09hB9U09Mn9yMWtcSy5HhWGDTJOqYd0GxcPew91ZaeHa0AAbbHmm+W4IUmADeAOgECAAJMexhOathPRIo7VSGnNze5nhiaQPwtPqq3mdVjQQ6kQeRFx/hWLEVbFVXOMZ5hTqHQ1x+8BIHr09VfjKMg+yqtrptPSx9k7hRORPgW+4SdPe5ufVTK0WU0IhCWiEWAhCVCIRYCUJUIRYHqhLhchJZIlCXC5CLASoniOmTS1NnykkxuQGuMfOFMQkVmAtgxB68z6DdVZo7oOJbglsyKRn+VZaX1piA7cet+SueKrU6FMueWta0fE4NHuSvDDuaahABB3Pz5fP6qQdTaRDiPcA/iuSoNHalJPoquH4rwtRxDHtcOtOo149wII/wApvnmNp6bv06haxM+wUnQ4doOr6yQXCSAGtHqSQFHca8NUa9akSGuAabSYkEGbHdG1f6HTadLso2YYGo6sytTBLKTgHkgggvBLbf8Aib9Y6rSMn8OvSaKjGu53AMfNefBWW0qVGpSMQ558rrjS0D+rlJKbyGPeym4Q0yCNoIDuXqrMmGoRmirHm3ZJQaJLC5DQZU1a5cTDW7ewEpxxBTY2Kr2tcAwyDAmJMCefQKqYPEVGVXOq0nmZaKgcNLBy/uE9QPko3PsPULm1XVGuYy7Q+qXwRPwgAky3mRuEqTZbVOyVzniHDuoFtPyx8EaSD3jmozJs2fh2aaFRjdZ8Rzn+aXuAkFkCwiBDptPZQn8JUc3XU81au4BjQAA0TAAA57CepUNUc5j3NcCCCQQbEEWghW4U1bRTmcZVGSNUw/E1WP5/g1KbhBDGuae9nOIIPRU3GVqOErCpQf8Aynkk0z8EmIBPwm1jcLmUEvpkE9FD8Q5Q6HHcEfhcfmnhLf7ZlOXH6a9THwXh9bCOAeRJ3Mna07cuSguNOKKfh+FTMDTYNjtf8VSMna9wdScXHTEX3Bnn1sfZPTlUxa3+lU4qEqZasjyR4HnBOHlxJElxlx5TyC0HF1A1kn7rQ559GtJVTyTMcJhpp1azWVAdjNhAi8Qn2eZoypQcaVVj9bmMBa4GxeNQsZ2BXTw0oL9zh6i5ZX46JHIqunDtcXXJMnpu934lXrhym1jRWrffIs0AuIHIkAGPTuoHhbI9NNrqzb2IYeXlAkjr2VmdVAKy59Wr2xNum0Lfvn+xJOzimBJDw3qWkf5HvCTg80pV2l1M6mglp72E/QqNxGIBaTsovJcVSpisRa/iGOYjSTHsPmq8WXdLazTm0+2Dmidr46lTJ8So1o0yATci+wWc8WcSsedLb/0jmf0HJeXH/ELD4Ra0l2kw2bmSN+gA3PdU/J6b8RVJJaXTsfL7DsF0Ixrk5cpXwaXkWaTSa0iLdfz/AC5K2YSrqaCqBhctqUhdrgDzG36FW/JnuazU+wMAcpvyCYi7JaFyEtCCBEIhKhEIsBMISoQiwPVCVC5CQc5CEqEQgBMJ6zDN06SJB3m++/okYWn8R9l7eKAqcjvguxquSJr5LD/EY6P7T+R5KPx+HrAEtY4u5WJHuWqxGoJ1Hl90fn6/vmvZruZt2Wd4kao6iS75M3OIr0qbxVwxc57j9wE6hyInty/FRGGxznP8R2pjGAXcYEadgOomPUWlbDKaYnLqFQRUo0njo5jXfiFHpot/NcdGS5FjXYrEsoA+SXPqdwCIZ6bT3kK25pwo2jqrYQaSbupSS13/ABn7p7bdI52rCZRhqTi6lh6THGJLGNaTG2wTiuWxdWyqS2/BlUpKW4oGT5nRq+UmDzYbEfqFzM8iws+I6qAN4sITHjbhZ5c7EYaHgyXMBDXMO5c2/mB3gXnrNszrZu90N8V7h3cSs6xtPab1mW3cjW+HsqFWsMUWxSYIoA7uiR4hHTp1N+QmO+0zhtr2HGM0tfTH82SAHtFgZ/qG3cegUl9mmP8AEwejnSeW+x84/Ej2Uf8AbJii3BNYNqlUB3cBrnR8wD7LoRxRjHacjJnm57yncPYhsaSd1ajgxUbESCsdptc3zMcWxex/LZWnhrjStROms3Wy0uG49uawZdNJO4nSw62DW2fBK4zhZtKalNx17eYSI3ggQSPee6m8kbgixrq1M+LHmbDy0HsZgj1U9h9NZoqNgteAW9wbqQpZVTbDjpIP52CzrNL55+5reCFccfYxzjzIXPxRrUaRLakQxrHcoBEAQJsQrlwRwO2gW4jENBq/AyxFPuervwVzo5W2i53NpMtnkOY+c/NM8wzamz4k89RKS29FWPSwjLd2SVStpUBm+dhkwRKruccWAbuAHrCpuacSa58MFx+nzSQxSkWZM8IfJYs04oru8oeADa26j8HxLTo06mqoH1KgDYadWlsgkSJkuIbttCq3/T3VCHVDJLoA5C02ClMvy5tjHOB8/wBAuhhwbeTk6jWOfHwSmDD8S81Htjk0dG9+6ePycNeHNt16g8inmVsDVIOI/wAroRqqOVNu7Q5yvOa1IadRPrcKdpZ74hHiwQdiOqruCqg4ihRAkVS8PP8ASBTe4H/2DfmpTH5YWavNYXbtukklZoxybjZc8JWD2yDK9oVP4XzItqCm/wCK36fVXJK+BhEIhLQosBEISoQiwPZcSkJB6OIhdSqYuhsEjpdaAvJy9eaS+BzVJoPGjWY37242SMZndOk3U8xeBKjc2qgC06jYAbryyDhYMqfxFaatX4dbpbS/4NNtX93a3Us0uxHLmkT9N1VwnSRPW30Nx7rj21hcNB7av3+Kdlp5z7fuV41cDTdvr/8AkePwcksnn4IvF5pUpAmpSqQOYZqHyp6jHqqhmnExqn+W+0jY357jlsfkr4zCCn9x7o6OcXD5mSFX+I8oo4izmjUJhwsQZ3BCZCuTXZEZTn+ncz6qKz7IMBj3+LTecPWM6oYCx56uaIv/AHA87zZVfMKtehUfTI8VtPmLOjf0JAPZNcPxQD5abHapuHWg9FLaXY8G5dF5+zzBvwmJrYWoQS6m1wLTLXQbEezzy5JX2z0CcHTdybWE+hY8Kv5Nn4Zi6b36/EcW2DC7WD5S1umTtO/b1V/+0LLjXy+uxolzWh4jclhDyB3IBHurYytFGWLTPn6gPhTzLqE09UfeJPtNkwc7mN9j6FWLJwNLBya0T8ghFcmaZlp/haNKnaNI0EEuAdF2uPefqnuGraS4vbAcPPSI5H42xYtN/r0IUTg86o06D6dYS1lhaxtJB73VGznj46hTpl5DJ0ubZzZ5ajuOy4qhKbtHo5ZIwVMtma8WDDvq06zzVp6Rpc0zptYGNnDqs2zDNa9d5DKg0W8wFzO99rdlGsq1Kx03a07jm7rNlZ8synyw0WjtvvzW7BpvlnL1WtbVIg8RkDtLnHU4gg3uYEgx859k+oYdoZLRuJ9xyVqxJBaWCmQ4c5EEC/WQVBYmkWFxjSDfSSI/5Ng+U9vwW7Yl0c31HLsY1K0aSPhk/wD1efxAUlhSG6QPhbPufK38CoGnVl2na0X5DUPwk/JSWExIc55G2pt+jRt6WbPuoTBostKsBq/tAHvpn8wlvxLWUhUe4BsSSdlWKOKNQRq0teXVHu/opTAPq6ICRiKn8U7xKkihTgU6Q3PJs9Xu+k+qfcJs8jqjxO51dpoNPOKjhDWiNwOexF4F1qmIxg8MOcyag2HQ89uSybD03OJENF76btF7MB+I2EnbygDmVf8AhLM9bS2pfRDZPTl67R7I7VlkGk6RNeCxwa4Oh0yJ3BHJWylUDmhw5gFZnn1LwnAteHh23VoiYI9FoHD7CMNRnfQD87/mofRYP0LsIhKScQuwuoIPSEQuoSDnIS2BJXs2mYSyfA0VyNq3ZIqYOo6LgD1uFIMpgeqHOVdlozw2V02nUfM7qeXoE9JPRNazQf8AG6jsV4zLsf7G/wBUdi3RMOq9kxxONA5wq5jM4xW0QPSZ/RVjNc7qGznD5/kpoRz8F2xefBoJkfqq5jOIJdppiXO2AvHv0VRrZhbzOgTfum7c7cyfCZBO73XJ/QKUyp2XvKsqDh4jwNTiSe91U+OOCoBxGFs9ty0D77ebfUbj5dFFYnibFwG+IQ0CLCP36pzkudVdWrW49ZJIPzUt32EZOLtD37HsU+piXOIkGk4agLCHMuDy6e614hUDgN7aWMqta7yYlgexvl/lvaSXMEXghzjfotBhTj4VF2V7pWYF9pfCBwVXxaYnD1XHTG9J25pkc2bweluV4rh/FF0NAnSL+vKFsv2n4EVcA8xem5rx89B+jisGwtd1JzoJBNu8zb81ZfJnlHgms7rva3wmu3MnneB+g+Sh8vy2XHVcxP1Um3DlrPFq/edsDv6leuS09TjPMX3/ACUKCvoh5Jbas9sty4i4AG8W6f6VhpM0MDg2LAzaLdfwjdeMODGBo8hAvz7yV6UsZpEESOmxFonvzVyVFDdnji8WNxM/Ue3MKEr1C5zgRcgeUdIPL35dU/xmLaTZpjkRuO3cKHxWKds1ocO42PoLpWxooisbhngAtOoCY6jqO3JeGGLnAMgz/TtPLfqQPYSd4Th7xeSQegED6pvTrBj9eqeRHZVstTJR1EkeE0yCZqvGziBAY3+1uykRSLYaYt91oIDgTbVBO+45br0y2HgBrXOnYMG/vcq25Hkbw4PqMbTa27WA7uj7zuU77yZ5pMuWMI23yW4ME8skkuPJEZdlxdFOkLxvfSwbbnc/3H2Cnf4FtBgY3luepUu+tpUfjHSCsM9VObXwdnBoceJP5bF5Hlz3zUqARB0+mxKv+AfLBaCBBHSAPyj5qncG44EPou+E6m+hNx6TH/srTl1UeJUbPQ/Uz+Q9l0lPfGzkZMeyTQ/QlJDnRHdAp1C6hAHogIXpSeIVbdDpWKZSi5Sa2Ma3efkvOviHC1m9yJA9VH4nMKjBL6bXs/qZ+7JOxnJRPWtmb/gYD2n8en4qMxWc1xtTB77D2R/1DD1LU6vhu/pJ0iUwx2DxZ2qsjqSFNFbk2M8ZxTiW7NYPe6iX8W4px8sE9hMJ6cj516ojeAd+5JvHYJlj81oYdn8qmHHl09Sihdwyx9XF1Gl9et4bPW57ADcqHp0Wl0NB/wCTru/wmuIxtXEO1vMnkOTewHJTeVYE2ShY8weRU37u9k9pcNMbJa0H3v8AVdo03NuBKdDGMkB0sO1hN9+X5p0ytkLneSNcwgAtMWH73VPyCwd4h06SQ6fhIJB3WlYnEyIJDh15rOOIcFFVxbdrzMd4E/vumasiL+Cy8BOOIzCm5mrwqLXunr5S0T0u+Y7diteTHIcAKNCkwMa1wpsD9LQJcGAEmNzPNSCiKo0yd1RFcTYfxMJiGczSfHqGkj6hYHrNi0DUNpAP4r6OqMBBB2Igr5wzFvhValL+l7mfIlqSf1RY8OYSiNsTiHVn3MwpnKqIYC48xA9d7d7KLy7Dzspg1SLDYb77+3JaUrMEnXCJLIMZ5W0qhEOALD17JjnLHUXGfnePcbbdEybnjP8At1WwG2Dx9CehTutxKQ3S6h41Pk43numtUJTsh34weh+h91G18QZt8xYp5j8dQfdtF7Tztt6Jm3GkHy0p9QkLAw+A8SSXc+X6r3dlDQlNzKubNpNHeEr+HxT7nyj0U0iLZK8IZi6i7wXHym7ex5t99/mtHoYkOG6yB+VvHmc58i87ARzBKuGQZuSNLxD2xIPMcnDsVz9Vgf1pHX0OrX0Sf2LbidlEYirCdNxWoJniqfNYDrXa4PDLccaVVtSJ3BExINonl1Wl5BUbUa6s1hbqIaAeQaB07z8gspqmVc/s7zCs7xWODTSZ5i4kh4e7ZoGxbpHaCOc26mlmnBpnI10alGXngvEKIxeJ01BeRHyXkzPdQqDmwkKpZhmz9JLTLjv1jssuo/EIY6UOb/oyqFlrPEVEW1bIWcNolw1Euv3Qsn/rvwifTNmlN6NSxnqZ+aZUc1kTC9aNcGSNiTK7TQqPZ+LNMGRqB+7J59CVXs74iqgFlNrKFTmXjUHdgRyPWCpx8EFpIIP6KMxFNrRpqNFSnymCW/PkloiTZRK2NdWdGIpCm74atJwcxx/uaD5T3+iKGCq1Dpa4u9L/AOlacBXoMe54oNbBIYIsWwPPqi7txGwTqrm9V1qFEMbzNveLQpomON1ZXMPlDWPDKjtbpuPhHbumOdYY1KzoFhYDsFazhx40xeTddp5YASY39yU1Io5ZU8BkwadlPUcPAhPjR88Dl2TgUrKGQkRpw7oTevhKYjVTYI5kn8gT9FNPbcKJxofXd4bfuD7xjc9EEsgtbqjwym0nUbACLdb8kvIctGIzBtMiWUi5z4uPKRAnmC4NHzVlfh2YPDVK3xaTfn2Hol/Zrlvh4c13ffrme+lpIH11H5KUSo8lwXESoviXM/4bDvqj71g3/kTAPtc+yErdFkpKMXJ/ArN87o4YfzHS7kwXcfbkO5WP46kx1WrWDPNUe50m+nUSYHzXv45qOLnGS4ySTJJPUr0r0Jbb6LdDDGPfLPO6n8RyZLUeEVllYMJaRcGx7fkihixqh2zrbTHeEjNaemqJG4/Mr0w2HDhLYlUSTUqOphmp41J/J44vLfO6SLiRYX+RI2Xjha1bDk+HDmndjhIKsD8GHaCXXLhJ5XBt90Rc/wC4T1+TsO5hQosdzRC0OIcOf+9hdJ6tFlJYXG5dUMCGk8iCvb/odHm5M80dh8Mw6Whz4t+qbldi2n0P8Tj8JREgD6KHfxFVru8PDUwCfiiSO6rNKm+u+L3WhcP5KGOZhaZirUaXVHgSaVIbns4khonmZvCLshqj0yLhI171HF7Q4GrUN/E0mTSZNg2RDj6gXnTZsRwnRqa6plr3SZHIxAI/RWWjhG02CmxulrQAAOQCZ46voaou+hJRXbM4ysV6L/CxAvPlfFnC/wBbFTePo+SfyUqWNq0y2pBdqZ7HWIj9813Py1rCIGy5WsxxhPg9D+FZ55cT3/D7KH4pJIPJWLhLMtNLEUwYdZwPaI/fqql/GeZ7N5+iXlmJIqxBM7/8Vnkn6cl1wX50pQLBi86pgBhIL3G5HL1TXG42HHTDnEaQRa6hK7GfxJaQRP3B0KMHQfUqFsxoJ1D81zFiSV2c6ySFSLOffn5l1NH8KPJJD9+6E2zH5Is1ejWOhrC0TFypHCvAbGkfqhC9GnwE1QOqk/A2PUn8QmuOdSAhxcybRuCT6IQpKmQbMqa4vpO0uMaoNMQBta5gyd+yg8q4ZNPMKR0yINzUcfK2DEOkX0iSZk9N1xCh9nRwyf5f9y8Oo+eejvzTg00ITs5tckfhxqLndSU50LiEMVdHg+lqMbWTvDYRrAAAhChkpFT+0rHQ2nh2/EdTvQbD5qz4AmlSp0gfuMa35CF1CZdEx7Z7eO481VftDxB8Cm0nep+DXfqF1CfE/eirWcYJfYpdIkNkctx+i9nP0ecGAIkdQbi3ouoW9nlFyyJznDFz3kctLm+hG34qO0Oa0VGSAeU2+S4hZci5O/pX/iiOWYpxYSHRGw/0P3Hsl4bNqjvjOn0goQks0UuR+7EDTJLvmVWcbUNV8AW6fr1QhSxYos+V4ZmDoOxVQTpHlHV3Ifgr59nmC04f+IedVfE6alR/QOaHMpj+1rXAepcUIUy8C3xZaKteFXc4xQMAiWukFdQmxpWZs83RG0AGPY0mROoejZIP0CieMM2tAJuhC5et5zJfoeg/B+NK2vL/AKRRKFdwc7TuTA/ZVoy7BljLAF5MucfwHZdQudrZuKSRZqJOkhg+nUGtxAe5x8t4j3Xcrwb8PDiZNV3mO8DohCyZJOqMnyKxedVGvc0CwNroQhNGKpcDUf/Z"),
("https://images-na.ssl-images-amazon.com/images/I/51KEqIsBa4L._SX370_BO1,204,203,200_.jpg"),
("https://cdn2.jomashop.com/media/catalog/product/r/o/rolex-oyster-perpetual-day-date-black-dial-automatic-men_s-18-carat-yellow-gold-president-watch-228348bkdp.jpg"),
("http://www.entremontrealais.com/wp-content/uploads/2016/12/875291-500x375.jpg"),
("http://santafetutor.com/wp-content/uploads/2012/10/math-tutoring.jpg"),
("https://cdn.saintbernard.com/media/extendware/ewimageopt/media/inline/74/c/canada-goose-mens-expedition-parka-b38.jpg"),
("https://i.ebayimg.com/00/s/NTMzWDgwMA==/z/Y5wAAOSwAaJaIbdu/$_59.JPG"),
("https://8fddbd524b5976832632-bb1139a233dd1615ca84f744f3688ee9.ssl.cf5.rackcdn.com/ps4/shell_designs/solid/f-standard-solid.png");

INSERT INTO Ad_AdImage(adImageUrl,adId) VALUES
("https://upload.wikimedia.org/wikipedia/commons/thumb/1/13/Sony-PlayStation-PS3-Slim-Console-FL.jpg/220px-Sony-PlayStation-PS3-Slim-Console-FL.jpg",1),
("https://i.ebayimg.com/00/s/MzI4WDQ5Mg==/z/gzgAAOSw8vdZbzXe/$_86.JPG",2),
("data:image/jpeg;base64,/9j/4AAQSkZJRgABAQAAAQABAAD/2wCEAAkGBxISEhUSEhIWFhUVFxoaFxYYFhoaGRYYHRcXGBoYGBcYHSggGBolHhgYITEhJSkrLi4uFyAzODMsNygtLisBCgoKDg0OGhAQGy0mICYtLS0wLy0rLS0vLSstLS0tLS0rLSstLS0tLS0tLS0tLS0tLS0tKy0tLS0tLS0tLS0tLf/AABEIALcBEwMBIgACEQEDEQH/xAAcAAABBQEBAQAAAAAAAAAAAAAAAgQFBgcBAwj/xAA8EAABAwIEBAQDBgYBBAMAAAABAAIRAyEEBRIxBkFRYRMicYFCkaEHMrHB0fAUI1Ji4fFyFTOCkpOi0v/EABoBAAIDAQEAAAAAAAAAAAAAAAACAQMEBQb/xAAsEQACAgEEAQMCBgMBAAAAAAAAAQIRAwQSITFREyJBMnEFFGGRobEjgcEV/9oADAMBAAIRAxEAPwDQkJUIhdY54lC7CIQBxC7C7CAEoSoRCCBKEqEQgKEoSoRCAEoSoRCLChKEqFyEBQmEQlQuKQOQiF1dQAmEQlQiEBQmFyEuElzgBJ2QByFyF1rgbjZKhACIXIS0QpsDzhEJcLkIsBEIhLhchTYCYRCVCIRYCYQlQhFgOYXIS4RCqskRCIS4RCLARCIS4RCLATCISoRCLATCISoRCLATCISoRCLATC5CXC5CLATC4k16rWNLnGANz/jmeyo3Ev2iMoOdTYwFwgFxePKTeIAImL8x67KJTUVbGjBydItOb55h8NHjVQ0nZu7j6NF1WsT9oVMToo1ImAagNPV1gOE8iYE7KoYnimlU8znFpdJc4Xc6BcHzS2BztsOyYjPsOyXsYQ53IPJ1ncarAwPVYpaqbfCo3R00EuXZqWU8X4WuB59Dujv/ANDl6wrA0zsvnermxqOJ2kyTIAnkTO3oL91aeC+M/wCGcWVXmpRcbOhxLDYSN7dldj1F8SKMmnS5ibDCHEASdgmuXZjSrjVSeHDtP5hKxuKYwEOPtBPzhPnzLFHcxMOF5JbSPxOKrVGzSAYw7OcYLhEz252/0qLmuaVqdVrf4p8gmRLXCfQumBurBxHxth6MMY173uEAhrmk+hImPSyqLMlx2NPieDop85JJjnp1e/JctarK3ubpHT/LQSpImcuzPGv01m1g5gM6IgkHkQIPf35q8ZVmDa9MPFjsQfhPRVCphaOFpeHu92949pIgD93THLcyfReHSwUyfO3VJPuDv6fJaMGrd+58FGfSqvauTSkQvHAYplWm2ox2prhII5pwukmc5qhEIhLhEKbIEQuQlwiEAIhEJcIhACIQlwhSB7wuQlwiFUMIRCXCIQFCIRCXCIQFCYRCVCIQFCYRCXCIQFCIRCWvHE12saXu2aJKhulYJW6FwuKOr53QaGnUIO5keUxIBEyl4LOaFUw2oPQ2n5pIZoS6ZZLDOPaIX7Raz6eDc9m7Hsd8jIPsYPqAsXoZcKs63XMEEnfygR6fqvovFYZlVpY9oc11iDcELOuAcgw9cVKrmi7vK2fugyYgbKrVOkmXaVbm0ZvhuHKtR5aGwZ+cxP4K25V9mlV5BcC1scx+S2PCZZh6QGljRHZOjX5NCwuZ0FBL4Mux32Z0fDOiQ8XHc9FlubUatGq5jnHynZ0fjz9V9NYprg3ZYl9ouX1G1fEe2Gk2dy+iIS5pkZYWrRZ+CeKKbcCHPedbJZpmYDYggHaxH68k5xmcuczW8+GyJJ+KNwI3Ji/vFrxmGGyypToMrX8Nx/mHkAHwPnAHq5OaubPrvNz4dMFxaL3gxqPWb+yXUOWSS8IMMVjX6svHBOXMxGIfi6rbTFNpuQB1PMrSH1NLYaFnnCec4fDUGh9S5GwBP1AgKYzbi4Mph9JocHWBMxPePwWW2bElQ34qw4qMdqbfkVmVfMxQOkybwQ7Y9iLyPVXrLsyxuLqAOovDTzIYxkf8ZLo7qC+0LhkGoxzB5i7Sehnb02IVuL2vbIpze5bok3wVxO1gcxzg4Pu0B19e0S46WtIAtaI2utBwD3uZNQNBPJpkAcpPVfN9XVSeA11iAb3gnf1Hotw4MzKi6izTU1HT55dcHoQdo2sOa62lk2qZydVBJ2i0QiEU3g7GUqFqsyCYRCVCIRYCIRCXCIRZIiEJcIRZB7ISoRCrscShKhEIsgShKhcIU2ScXhXxTGkAm52H+l4ZrmTaIvdxnS3rH4BUfMxVqVBUJIOo3B+7YkfhCozZtnC7L8OBz5fRojHAiQZCUqRltbECNDzJ5TN+e+4O/XnfYWXC49w8tURtDv1/UWUQ1MZcPgmemlHlcnc+zVuFourOE6RZu2pxsBPJU/DZ1VxFKo6uRoc37gBgTaPRPONMQKrhQne49Rz+U/NN+HsjfUaKWt7mg7loAidp3IWbUah3tiadPp1W6Q1r5IPBApadRJ1TBIG0bTFgqkQ/DPsS2Odh3tq3/wBLYsRwnF6T9Py/EqqZ5wFVqyTVAttG57n/AAs2+S7NOxP6T34M4nFUGnUc212kkemn9PVQXCFT+BxtbAnaR4fdp8zHdyWmD3lUHP8AJ62EqQ8EQZa5pMWjqd/RX+o0VMNgMyI/mUXNpvI+Km/yeb0JBHqVrv1MNeDKl6Wa/Jp1IADU5cr5nSpNL9Qgc+izzOM8x1VzqdM+GG2L9mjtMEvd2EeqneDMtqOoVW4k6y8WcQRyPIkrEn4N9eRnmX2jU5LKTZ7uDiT6MY0uj1C8y8ZjQdTqNEOmHBrgAeU6gLg8lK5bwrh6BjxQ0G8SA4++5UljGUmt0scA0e6G2Ciij8LZb4mFr4VztXhipScxwENO4c08/vz6hZTUzsmmyk2m2mzUC/SCNVx1Jt35wtCzHiB+BdiXUmaxVIk6j5JMah1iRb0We4zL9MvaNVJtt5jr8jP7uroxvsz5Z8JI0/LeBqVem2pq19A4u0tHZoICtmU5NTbhjTIB0PJECN7W6KicMZ9WNBtKncxAI/e8XUhSxBrVHMa6qCBDm1DoAAGw1m432BWZxk3TNilCriXXD4jDYbyhoBNp3v01dVX+IKTsQHeDT8R9tLAY1GRz5c78kqhgKzy2iGU2UKd4bLnvdyDTaB3i/JXrJMupYZheY1neLkf2CNz6blWY8bcirPlUYmLcYcHYinpr1abWssNLXBwB5SRH+eXQzfA2HY4eHNPYHynzRMHkI/2tWxXi1WxppsYbEVfMSOhYLCe59k3w+Ew1DzxRa6IJZTY0x0kCYWyGJJp9/oc6WdtNfyeFCi1oAaIH75r0hFF4c0OGxEj0KWuhZhoRCIS0QgBEIhKhEIATCEqEICj2hEJUIhV2SIhdhKhEKbATC83OvC9oTDMKha1xG8GPcJZSpWNCO50UzOsa2pXdJjk30FjHvK5Uw1dw/li3X9QvGgWzcD7xMjl2PdXDJ2kMBdzXGnPdKztwhtjRSH1qlIwZaZmR13t05J/RzWpX0ENuLOEEX6t7G9vRXKpgqLjMCVG4mn4V6ZAH1SuTSHUFJlE4ge6njabHOMOcDJsRI2HyWoZaWsY0NEWWNcT1X/xtB2suBfcfvfdalUzenRZL42klzg1oG13FG7pkqFWiw1MUQEwxdYkbqm0eOW1n6WaTexa4u/IWTXiDO8Wx5pU6Z1AA6oEAEEiC7yjbcpnJt0RGKSs8vtAwGvDk7kSR7J39nOHGIy99IzocCz08rdu4N1C0HYut/wB5pFNo801dYdboAAD6KyfZVLaWIpRanWIb8o/L6rXpGlcTJrk2lND7JsU1jSa0F7PK60XFjbl1jul5TxUx2upUc1jNemm02loH3ie5myj/ALQcuq0wcXSBLC3TWA3A2FSPSx9AqjhsNWfSY2k+k+mI1Nc3zFvPS6YDt9xHdZ54/TlRfiyrLG6LFnvFeHr1P4VlNrw4hz3kfcaNg3ufwJVfZjj47qVGqX0wQHjdrdRsNXXspKllFGkP+3Tpzu5zw697hjQA4wRE9E5qYSnSw9R9Nti7VqIHnMgk9IgACLABLIt2uuSoHDeNVdhz8Ye2f/FxB9oCRwtwnUbRxAxEtc7yMEyIF9XcEkCOx6pXC+JH8a6odmBx9SbD6Srxi2E07bugekm5+U/JbdPBtu+v+nK1mRRiq7v+DJMrxdXD13loLYkFk2aKYu4nsAL85C07hnOaGLY2o4mk7uC2fQ/F7FOGZBh6+px0yfK4RIOnyw8AiRI25p/luX6GGjiQK+pw0uYxrSDAGkUgY09hB9U09Mn9yMWtcSy5HhWGDTJOqYd0GxcPew91ZaeHa0AAbbHmm+W4IUmADeAOgECAAJMexhOathPRIo7VSGnNze5nhiaQPwtPqq3mdVjQQ6kQeRFx/hWLEVbFVXOMZ5hTqHQ1x+8BIHr09VfjKMg+yqtrptPSx9k7hRORPgW+4SdPe5ufVTK0WU0IhCWiEWAhCVCIRYCUJUIRYHqhLhchJZIlCXC5CLASoniOmTS1NnykkxuQGuMfOFMQkVmAtgxB68z6DdVZo7oOJbglsyKRn+VZaX1piA7cet+SueKrU6FMueWta0fE4NHuSvDDuaahABB3Pz5fP6qQdTaRDiPcA/iuSoNHalJPoquH4rwtRxDHtcOtOo149wII/wApvnmNp6bv06haxM+wUnQ4doOr6yQXCSAGtHqSQFHca8NUa9akSGuAabSYkEGbHdG1f6HTadLso2YYGo6sytTBLKTgHkgggvBLbf8Aib9Y6rSMn8OvSaKjGu53AMfNefBWW0qVGpSMQ558rrjS0D+rlJKbyGPeym4Q0yCNoIDuXqrMmGoRmirHm3ZJQaJLC5DQZU1a5cTDW7ewEpxxBTY2Kr2tcAwyDAmJMCefQKqYPEVGVXOq0nmZaKgcNLBy/uE9QPko3PsPULm1XVGuYy7Q+qXwRPwgAky3mRuEqTZbVOyVzniHDuoFtPyx8EaSD3jmozJs2fh2aaFRjdZ8Rzn+aXuAkFkCwiBDptPZQn8JUc3XU81au4BjQAA0TAAA57CepUNUc5j3NcCCCQQbEEWghW4U1bRTmcZVGSNUw/E1WP5/g1KbhBDGuae9nOIIPRU3GVqOErCpQf8Aynkk0z8EmIBPwm1jcLmUEvpkE9FD8Q5Q6HHcEfhcfmnhLf7ZlOXH6a9THwXh9bCOAeRJ3Mna07cuSguNOKKfh+FTMDTYNjtf8VSMna9wdScXHTEX3Bnn1sfZPTlUxa3+lU4qEqZasjyR4HnBOHlxJElxlx5TyC0HF1A1kn7rQ559GtJVTyTMcJhpp1azWVAdjNhAi8Qn2eZoypQcaVVj9bmMBa4GxeNQsZ2BXTw0oL9zh6i5ZX46JHIqunDtcXXJMnpu934lXrhym1jRWrffIs0AuIHIkAGPTuoHhbI9NNrqzb2IYeXlAkjr2VmdVAKy59Wr2xNum0Lfvn+xJOzimBJDw3qWkf5HvCTg80pV2l1M6mglp72E/QqNxGIBaTsovJcVSpisRa/iGOYjSTHsPmq8WXdLazTm0+2Dmidr46lTJ8So1o0yATci+wWc8WcSsedLb/0jmf0HJeXH/ELD4Ra0l2kw2bmSN+gA3PdU/J6b8RVJJaXTsfL7DsF0Ixrk5cpXwaXkWaTSa0iLdfz/AC5K2YSrqaCqBhctqUhdrgDzG36FW/JnuazU+wMAcpvyCYi7JaFyEtCCBEIhKhEIsBMISoQiwPVCVC5CQc5CEqEQgBMJ6zDN06SJB3m++/okYWn8R9l7eKAqcjvguxquSJr5LD/EY6P7T+R5KPx+HrAEtY4u5WJHuWqxGoJ1Hl90fn6/vmvZruZt2Wd4kao6iS75M3OIr0qbxVwxc57j9wE6hyInty/FRGGxznP8R2pjGAXcYEadgOomPUWlbDKaYnLqFQRUo0njo5jXfiFHpot/NcdGS5FjXYrEsoA+SXPqdwCIZ6bT3kK25pwo2jqrYQaSbupSS13/ABn7p7bdI52rCZRhqTi6lh6THGJLGNaTG2wTiuWxdWyqS2/BlUpKW4oGT5nRq+UmDzYbEfqFzM8iws+I6qAN4sITHjbhZ5c7EYaHgyXMBDXMO5c2/mB3gXnrNszrZu90N8V7h3cSs6xtPab1mW3cjW+HsqFWsMUWxSYIoA7uiR4hHTp1N+QmO+0zhtr2HGM0tfTH82SAHtFgZ/qG3cegUl9mmP8AEwejnSeW+x84/Ej2Uf8AbJii3BNYNqlUB3cBrnR8wD7LoRxRjHacjJnm57yncPYhsaSd1ajgxUbESCsdptc3zMcWxex/LZWnhrjStROms3Wy0uG49uawZdNJO4nSw62DW2fBK4zhZtKalNx17eYSI3ggQSPee6m8kbgixrq1M+LHmbDy0HsZgj1U9h9NZoqNgteAW9wbqQpZVTbDjpIP52CzrNL55+5reCFccfYxzjzIXPxRrUaRLakQxrHcoBEAQJsQrlwRwO2gW4jENBq/AyxFPuervwVzo5W2i53NpMtnkOY+c/NM8wzamz4k89RKS29FWPSwjLd2SVStpUBm+dhkwRKruccWAbuAHrCpuacSa58MFx+nzSQxSkWZM8IfJYs04oru8oeADa26j8HxLTo06mqoH1KgDYadWlsgkSJkuIbttCq3/T3VCHVDJLoA5C02ClMvy5tjHOB8/wBAuhhwbeTk6jWOfHwSmDD8S81Htjk0dG9+6ePycNeHNt16g8inmVsDVIOI/wAroRqqOVNu7Q5yvOa1IadRPrcKdpZ74hHiwQdiOqruCqg4ihRAkVS8PP8ASBTe4H/2DfmpTH5YWavNYXbtukklZoxybjZc8JWD2yDK9oVP4XzItqCm/wCK36fVXJK+BhEIhLQosBEISoQiwPZcSkJB6OIhdSqYuhsEjpdaAvJy9eaS+BzVJoPGjWY37242SMZndOk3U8xeBKjc2qgC06jYAbryyDhYMqfxFaatX4dbpbS/4NNtX93a3Us0uxHLmkT9N1VwnSRPW30Nx7rj21hcNB7av3+Kdlp5z7fuV41cDTdvr/8AkePwcksnn4IvF5pUpAmpSqQOYZqHyp6jHqqhmnExqn+W+0jY357jlsfkr4zCCn9x7o6OcXD5mSFX+I8oo4izmjUJhwsQZ3BCZCuTXZEZTn+ncz6qKz7IMBj3+LTecPWM6oYCx56uaIv/AHA87zZVfMKtehUfTI8VtPmLOjf0JAPZNcPxQD5abHapuHWg9FLaXY8G5dF5+zzBvwmJrYWoQS6m1wLTLXQbEezzy5JX2z0CcHTdybWE+hY8Kv5Nn4Zi6b36/EcW2DC7WD5S1umTtO/b1V/+0LLjXy+uxolzWh4jclhDyB3IBHurYytFGWLTPn6gPhTzLqE09UfeJPtNkwc7mN9j6FWLJwNLBya0T8ghFcmaZlp/haNKnaNI0EEuAdF2uPefqnuGraS4vbAcPPSI5H42xYtN/r0IUTg86o06D6dYS1lhaxtJB73VGznj46hTpl5DJ0ubZzZ5ajuOy4qhKbtHo5ZIwVMtma8WDDvq06zzVp6Rpc0zptYGNnDqs2zDNa9d5DKg0W8wFzO99rdlGsq1Kx03a07jm7rNlZ8synyw0WjtvvzW7BpvlnL1WtbVIg8RkDtLnHU4gg3uYEgx859k+oYdoZLRuJ9xyVqxJBaWCmQ4c5EEC/WQVBYmkWFxjSDfSSI/5Ng+U9vwW7Yl0c31HLsY1K0aSPhk/wD1efxAUlhSG6QPhbPufK38CoGnVl2na0X5DUPwk/JSWExIc55G2pt+jRt6WbPuoTBostKsBq/tAHvpn8wlvxLWUhUe4BsSSdlWKOKNQRq0teXVHu/opTAPq6ICRiKn8U7xKkihTgU6Q3PJs9Xu+k+qfcJs8jqjxO51dpoNPOKjhDWiNwOexF4F1qmIxg8MOcyag2HQ89uSybD03OJENF76btF7MB+I2EnbygDmVf8AhLM9bS2pfRDZPTl67R7I7VlkGk6RNeCxwa4Oh0yJ3BHJWylUDmhw5gFZnn1LwnAteHh23VoiYI9FoHD7CMNRnfQD87/mofRYP0LsIhKScQuwuoIPSEQuoSDnIS2BJXs2mYSyfA0VyNq3ZIqYOo6LgD1uFIMpgeqHOVdlozw2V02nUfM7qeXoE9JPRNazQf8AG6jsV4zLsf7G/wBUdi3RMOq9kxxONA5wq5jM4xW0QPSZ/RVjNc7qGznD5/kpoRz8F2xefBoJkfqq5jOIJdppiXO2AvHv0VRrZhbzOgTfum7c7cyfCZBO73XJ/QKUyp2XvKsqDh4jwNTiSe91U+OOCoBxGFs9ty0D77ebfUbj5dFFYnibFwG+IQ0CLCP36pzkudVdWrW49ZJIPzUt32EZOLtD37HsU+piXOIkGk4agLCHMuDy6e614hUDgN7aWMqta7yYlgexvl/lvaSXMEXghzjfotBhTj4VF2V7pWYF9pfCBwVXxaYnD1XHTG9J25pkc2bweluV4rh/FF0NAnSL+vKFsv2n4EVcA8xem5rx89B+jisGwtd1JzoJBNu8zb81ZfJnlHgms7rva3wmu3MnneB+g+Sh8vy2XHVcxP1Um3DlrPFq/edsDv6leuS09TjPMX3/ACUKCvoh5Jbas9sty4i4AG8W6f6VhpM0MDg2LAzaLdfwjdeMODGBo8hAvz7yV6UsZpEESOmxFonvzVyVFDdnji8WNxM/Ue3MKEr1C5zgRcgeUdIPL35dU/xmLaTZpjkRuO3cKHxWKds1ocO42PoLpWxooisbhngAtOoCY6jqO3JeGGLnAMgz/TtPLfqQPYSd4Th7xeSQegED6pvTrBj9eqeRHZVstTJR1EkeE0yCZqvGziBAY3+1uykRSLYaYt91oIDgTbVBO+45br0y2HgBrXOnYMG/vcq25Hkbw4PqMbTa27WA7uj7zuU77yZ5pMuWMI23yW4ME8skkuPJEZdlxdFOkLxvfSwbbnc/3H2Cnf4FtBgY3luepUu+tpUfjHSCsM9VObXwdnBoceJP5bF5Hlz3zUqARB0+mxKv+AfLBaCBBHSAPyj5qncG44EPou+E6m+hNx6TH/srTl1UeJUbPQ/Uz+Q9l0lPfGzkZMeyTQ/QlJDnRHdAp1C6hAHogIXpSeIVbdDpWKZSi5Sa2Ma3efkvOviHC1m9yJA9VH4nMKjBL6bXs/qZ+7JOxnJRPWtmb/gYD2n8en4qMxWc1xtTB77D2R/1DD1LU6vhu/pJ0iUwx2DxZ2qsjqSFNFbk2M8ZxTiW7NYPe6iX8W4px8sE9hMJ6cj516ojeAd+5JvHYJlj81oYdn8qmHHl09Sihdwyx9XF1Gl9et4bPW57ADcqHp0Wl0NB/wCTru/wmuIxtXEO1vMnkOTewHJTeVYE2ShY8weRU37u9k9pcNMbJa0H3v8AVdo03NuBKdDGMkB0sO1hN9+X5p0ytkLneSNcwgAtMWH73VPyCwd4h06SQ6fhIJB3WlYnEyIJDh15rOOIcFFVxbdrzMd4E/vumasiL+Cy8BOOIzCm5mrwqLXunr5S0T0u+Y7diteTHIcAKNCkwMa1wpsD9LQJcGAEmNzPNSCiKo0yd1RFcTYfxMJiGczSfHqGkj6hYHrNi0DUNpAP4r6OqMBBB2Igr5wzFvhValL+l7mfIlqSf1RY8OYSiNsTiHVn3MwpnKqIYC48xA9d7d7KLy7Dzspg1SLDYb77+3JaUrMEnXCJLIMZ5W0qhEOALD17JjnLHUXGfnePcbbdEybnjP8At1WwG2Dx9CehTutxKQ3S6h41Pk43numtUJTsh34weh+h91G18QZt8xYp5j8dQfdtF7Tztt6Jm3GkHy0p9QkLAw+A8SSXc+X6r3dlDQlNzKubNpNHeEr+HxT7nyj0U0iLZK8IZi6i7wXHym7ex5t99/mtHoYkOG6yB+VvHmc58i87ARzBKuGQZuSNLxD2xIPMcnDsVz9Vgf1pHX0OrX0Sf2LbidlEYirCdNxWoJniqfNYDrXa4PDLccaVVtSJ3BExINonl1Wl5BUbUa6s1hbqIaAeQaB07z8gspqmVc/s7zCs7xWODTSZ5i4kh4e7ZoGxbpHaCOc26mlmnBpnI10alGXngvEKIxeJ01BeRHyXkzPdQqDmwkKpZhmz9JLTLjv1jssuo/EIY6UOb/oyqFlrPEVEW1bIWcNolw1Euv3Qsn/rvwifTNmlN6NSxnqZ+aZUc1kTC9aNcGSNiTK7TQqPZ+LNMGRqB+7J59CVXs74iqgFlNrKFTmXjUHdgRyPWCpx8EFpIIP6KMxFNrRpqNFSnymCW/PkloiTZRK2NdWdGIpCm74atJwcxx/uaD5T3+iKGCq1Dpa4u9L/AOlacBXoMe54oNbBIYIsWwPPqi7txGwTqrm9V1qFEMbzNveLQpomON1ZXMPlDWPDKjtbpuPhHbumOdYY1KzoFhYDsFazhx40xeTddp5YASY39yU1Io5ZU8BkwadlPUcPAhPjR88Dl2TgUrKGQkRpw7oTevhKYjVTYI5kn8gT9FNPbcKJxofXd4bfuD7xjc9EEsgtbqjwym0nUbACLdb8kvIctGIzBtMiWUi5z4uPKRAnmC4NHzVlfh2YPDVK3xaTfn2Hol/Zrlvh4c13ffrme+lpIH11H5KUSo8lwXESoviXM/4bDvqj71g3/kTAPtc+yErdFkpKMXJ/ArN87o4YfzHS7kwXcfbkO5WP46kx1WrWDPNUe50m+nUSYHzXv45qOLnGS4ySTJJPUr0r0Jbb6LdDDGPfLPO6n8RyZLUeEVllYMJaRcGx7fkihixqh2zrbTHeEjNaemqJG4/Mr0w2HDhLYlUSTUqOphmp41J/J44vLfO6SLiRYX+RI2Xjha1bDk+HDmndjhIKsD8GHaCXXLhJ5XBt90Rc/wC4T1+TsO5hQosdzRC0OIcOf+9hdJ6tFlJYXG5dUMCGk8iCvb/odHm5M80dh8Mw6Whz4t+qbldi2n0P8Tj8JREgD6KHfxFVru8PDUwCfiiSO6rNKm+u+L3WhcP5KGOZhaZirUaXVHgSaVIbns4khonmZvCLshqj0yLhI171HF7Q4GrUN/E0mTSZNg2RDj6gXnTZsRwnRqa6plr3SZHIxAI/RWWjhG02CmxulrQAAOQCZ46voaou+hJRXbM4ysV6L/CxAvPlfFnC/wBbFTePo+SfyUqWNq0y2pBdqZ7HWIj9813Py1rCIGy5WsxxhPg9D+FZ55cT3/D7KH4pJIPJWLhLMtNLEUwYdZwPaI/fqql/GeZ7N5+iXlmJIqxBM7/8Vnkn6cl1wX50pQLBi86pgBhIL3G5HL1TXG42HHTDnEaQRa6hK7GfxJaQRP3B0KMHQfUqFsxoJ1D81zFiSV2c6ySFSLOffn5l1NH8KPJJD9+6E2zH5Is1ejWOhrC0TFypHCvAbGkfqhC9GnwE1QOqk/A2PUn8QmuOdSAhxcybRuCT6IQpKmQbMqa4vpO0uMaoNMQBta5gyd+yg8q4ZNPMKR0yINzUcfK2DEOkX0iSZk9N1xCh9nRwyf5f9y8Oo+eejvzTg00ITs5tckfhxqLndSU50LiEMVdHg+lqMbWTvDYRrAAAhChkpFT+0rHQ2nh2/EdTvQbD5qz4AmlSp0gfuMa35CF1CZdEx7Z7eO481VftDxB8Cm0nep+DXfqF1CfE/eirWcYJfYpdIkNkctx+i9nP0ecGAIkdQbi3ouoW9nlFyyJznDFz3kctLm+hG34qO0Oa0VGSAeU2+S4hZci5O/pX/iiOWYpxYSHRGw/0P3Hsl4bNqjvjOn0goQks0UuR+7EDTJLvmVWcbUNV8AW6fr1QhSxYos+V4ZmDoOxVQTpHlHV3Ifgr59nmC04f+IedVfE6alR/QOaHMpj+1rXAepcUIUy8C3xZaKteFXc4xQMAiWukFdQmxpWZs83RG0AGPY0mROoejZIP0CieMM2tAJuhC5et5zJfoeg/B+NK2vL/AKRRKFdwc7TuTA/ZVoy7BljLAF5MucfwHZdQudrZuKSRZqJOkhg+nUGtxAe5x8t4j3Xcrwb8PDiZNV3mO8DohCyZJOqMnyKxedVGvc0CwNroQhNGKpcDUf/Z",3),
("https://images-na.ssl-images-amazon.com/images/I/51KEqIsBa4L._SX370_BO1,204,203,200_.jpg",4),
("https://cdn2.jomashop.com/media/catalog/product/r/o/rolex-oyster-perpetual-day-date-black-dial-automatic-men_s-18-carat-yellow-gold-president-watch-228348bkdp.jpg",5),
("http://www.entremontrealais.com/wp-content/uploads/2016/12/875291-500x375.jpg",6),
("http://santafetutor.com/wp-content/uploads/2012/10/math-tutoring.jpg",7),
("https://cdn.saintbernard.com/media/extendware/ewimageopt/media/inline/74/c/canada-goose-mens-expedition-parka-b38.jpg",8),
("https://i.ebayimg.com/00/s/NTMzWDgwMA==/z/Y5wAAOSwAaJaIbdu/$_59.JPG",9),
("https://8fddbd524b5976832632-bb1139a233dd1615ca84f744f3688ee9.ssl.cf5.rackcdn.com/ps4/shell_designs/solid/f-standard-solid.png",10);

UPDATE Rating SET rating=5 WHERE userId=2 AND adId=1;
UPDATE Rating SET rating=3 WHERE userId=2 AND adId=4;





